{
  "tests": 1798,
  "directional_accuracy": 40.04449388209122,
  "mae_percent": 2.0689856424707442,
  "buy_precision_55": 34.67289719626168,
  "sell_precision_45": 40.4040404040404,
  "buy_signals_55": 1070,
  "sell_signals_45": 198,
  "mean_predicted_return_percent": 0.2819047893914898,
  "mean_real_return_percent": -0.2627824213493025
}