{
  "tests": 1797,
  "directional_accuracy": 51.58597662771286,
  "mae_percent": 1.7575082368968897,
  "buy_precision_55": 43.08176100628931,
  "sell_precision_45": 54.79616306954437,
  "buy_signals_55": 318,
  "sell_signals_45": 834,
  "mean_predicted_return_percent": -0.18663140368345377,
  "mean_real_return_percent": -0.3278649102942278
}