{
  "tests": 1800,
  "directional_accuracy": 48.05555555555556,
  "mae_percent": 2.0280731036170185,
  "buy_precision_55": 39.604989604989605,
  "sell_precision_45": 69.32624113475178,
  "buy_signals_55": 962,
  "sell_signals_45": 564,
  "mean_predicted_return_percent": 0.14576856208813874,
  "mean_real_return_percent": -0.5177083118131136
}