{
  "tests": 1900,
  "directional_accuracy": 51.84210526315789,
  "mae_percent": 1.6829039874107103,
  "buy_precision_55": 53.16901408450704,
  "sell_precision_45": 53.57423409269442,
  "buy_signals_55": 284,
  "sell_signals_45": 1273,
  "mean_predicted_return_percent": -0.38481917010561023,
  "mean_real_return_percent": 0.002590695594836111
}