{
  "tests": 1798,
  "directional_accuracy": 45.05005561735261,
  "mae_percent": 2.0818930277376446,
  "buy_precision_55": 37.19165085388994,
  "sell_precision_45": 60.67864271457086,
  "buy_signals_55": 1054,
  "sell_signals_45": 501,
  "mean_predicted_return_percent": 0.12485708172859343,
  "mean_real_return_percent": -0.590417154261064
}