{
  "tests": 1900,
  "directional_accuracy": 43.57894736842105,
  "mae_percent": 1.8638375898452983,
  "buy_precision_55": 46.875,
  "sell_precision_45": 42.701968771215206,
  "buy_signals_55": 192,
  "sell_signals_45": 1473,
  "mean_predicted_return_percent": -0.5732572026259588,
  "mean_real_return_percent": 0.25627470434956234
}