{
  "tests": 1900,
  "directional_accuracy": 49.0,
  "mae_percent": 1.6671143057612425,
  "buy_precision_55": 46.28482972136223,
  "sell_precision_45": 48.57456140350877,
  "buy_signals_55": 646,
  "sell_signals_45": 912,
  "mean_predicted_return_percent": -0.23293703742960722,
  "mean_real_return_percent": -0.00027900025622044883
}