{
  "tests": 1798,
  "directional_accuracy": 39.6551724137931,
  "mae_percent": 2.1581362837924156,
  "buy_precision_55": 36.26237623762376,
  "sell_precision_45": 39.91477272727273,
  "buy_signals_55": 808,
  "sell_signals_45": 704,
  "mean_predicted_return_percent": -0.24443248800056855,
  "mean_real_return_percent": -0.04209153338119203
}