{
  "tests": 1798,
  "directional_accuracy": 42.04671857619577,
  "mae_percent": 2.1614750503453877,
  "buy_precision_55": 38.0718954248366,
  "sell_precision_45": 58.97435897435898,
  "buy_signals_55": 1224,
  "sell_signals_45": 156,
  "mean_predicted_return_percent": 0.498036204452396,
  "mean_real_return_percent": -0.4748250704292004
}