{
  "tests": 1798,
  "directional_accuracy": 40.65628476084539,
  "mae_percent": 2.192139775146039,
  "buy_precision_55": 38.04971319311664,
  "sell_precision_45": 42.78350515463917,
  "buy_signals_55": 1046,
  "sell_signals_45": 388,
  "mean_predicted_return_percent": 0.3188472221836511,
  "mean_real_return_percent": -0.4080716290544062
}