{
  "tests": 1794,
  "directional_accuracy": 42.920847268673356,
  "mae_percent": 1.7919146470870901,
  "buy_precision_55": 26.653696498054476,
  "sell_precision_45": 55.91647331786543,
  "buy_signals_55": 514,
  "sell_signals_45": 862,
  "mean_predicted_return_percent": -0.1859814873414575,
  "mean_real_return_percent": -0.4374242265962597
}