{
  "tests": 1798,
  "directional_accuracy": 55.83982202447163,
  "mae_percent": 1.953437148394692,
  "buy_precision_55": 44.70046082949309,
  "sell_precision_45": 62.24379719525351,
  "buy_signals_55": 651,
  "sell_signals_45": 927,
  "mean_predicted_return_percent": -0.2712803944526113,
  "mean_real_return_percent": -0.17791565511035395
}