{
  "tests": 1798,
  "directional_accuracy": 51.55728587319244,
  "mae_percent": 2.1070085661263334,
  "buy_precision_55": 41.21405750798722,
  "sell_precision_45": 58.77300613496933,
  "buy_signals_55": 626,
  "sell_signals_45": 815,
  "mean_predicted_return_percent": -0.18524344100916604,
  "mean_real_return_percent": -0.33400723096688123
}