{
  "tests": 1798,
  "directional_accuracy": 47.664071190211345,
  "mae_percent": 2.2116554370255783,
  "buy_precision_55": 34.57943925233645,
  "sell_precision_45": 49.351851851851855,
  "buy_signals_55": 107,
  "sell_signals_45": 1080,
  "mean_predicted_return_percent": -0.4090853537354609,
  "mean_real_return_percent": -0.20755000606376775
}