{
  "tests": 1873,
  "directional_accuracy": 49.38601174586225,
  "mae_percent": 1.6026699028326898,
  "buy_precision_55": 41.17647058823529,
  "sell_precision_45": 54.04971932638332,
  "buy_signals_55": 272,
  "sell_signals_45": 1247,
  "mean_predicted_return_percent": -0.3260909100212912,
  "mean_real_return_percent": -0.045473884046034745
}