{
  "tests": 1900,
  "directional_accuracy": 46.0,
  "mae_percent": 1.741543391873091,
  "buy_precision_55": 30.357142857142854,
  "sell_precision_45": 46.947194719471945,
  "buy_signals_55": 168,
  "sell_signals_45": 1212,
  "mean_predicted_return_percent": -0.4643993841836411,
  "mean_real_return_percent": -0.01489522139582237
}