{
  "tests": 1898,
  "directional_accuracy": 43.04531085353003,
  "mae_percent": 2.1946069096815255,
  "buy_precision_55": 25.602409638554217,
  "sell_precision_45": 54.646840148698885,
  "buy_signals_55": 664,
  "sell_signals_45": 807,
  "mean_predicted_return_percent": -0.04091885558542905,
  "mean_real_return_percent": -0.2808167846334823
}