{
  "tests": 1797,
  "directional_accuracy": 54.09015025041736,
  "mae_percent": 1.8315806477621348,
  "buy_precision_55": 52.06766917293233,
  "sell_precision_45": 60.35751840168244,
  "buy_signals_55": 532,
  "sell_signals_45": 951,
  "mean_predicted_return_percent": -0.19440962892661073,
  "mean_real_return_percent": -0.2944436639630161
}