{
  "tests": 1798,
  "directional_accuracy": 54.11568409343715,
  "mae_percent": 1.8315355253011127,
  "buy_precision_55": 30.434782608695656,
  "sell_precision_45": 57.81544256120527,
  "buy_signals_55": 184,
  "sell_signals_45": 1062,
  "mean_predicted_return_percent": -0.38339374458198044,
  "mean_real_return_percent": -0.34963869064070585
}