{
  "tests": 1798,
  "directional_accuracy": 38.598442714126804,
  "mae_percent": 2.1856867723060143,
  "buy_precision_55": 30.207305034550842,
  "sell_precision_45": 53.333333333333336,
  "buy_signals_55": 1013,
  "sell_signals_45": 480,
  "mean_predicted_return_percent": 0.03919952879180031,
  "mean_real_return_percent": -0.6430545067181753
}