{
  "tests": 1894,
  "directional_accuracy": 50.84477296726505,
  "mae_percent": 1.6350730818064567,
  "buy_precision_55": 62.64705882352941,
  "sell_precision_45": 54.08245755860954,
  "buy_signals_55": 340,
  "sell_signals_45": 1237,
  "mean_predicted_return_percent": -0.5314499480768485,
  "mean_real_return_percent": 0.10233603212954263
}