{
  "tests": 1900,
  "directional_accuracy": 49.473684210526315,
  "mae_percent": 1.7648161189745197,
  "buy_precision_55": 36.730360934182585,
  "sell_precision_45": 57.19392314566577,
  "buy_signals_55": 471,
  "sell_signals_45": 1119,
  "mean_predicted_return_percent": -0.2599000022991045,
  "mean_real_return_percent": -0.074859222594923
}