{
  "tests": 1895,
  "directional_accuracy": 54.61741424802111,
  "mae_percent": 1.6423907738713666,
  "buy_precision_55": 51.2396694214876,
  "sell_precision_45": 54.91666666666667,
  "buy_signals_55": 484,
  "sell_signals_45": 1200,
  "mean_predicted_return_percent": -0.4595599843730878,
  "mean_real_return_percent": 0.02408851117406187
}