{
  "tests": 1900,
  "directional_accuracy": 52.57894736842105,
  "mae_percent": 1.6729225446399856,
  "buy_precision_55": 64.07766990291263,
  "sell_precision_45": 57.18475073313783,
  "buy_signals_55": 103,
  "sell_signals_45": 1364,
  "mean_predicted_return_percent": -0.5126956986027617,
  "mean_real_return_percent": 0.16026512332330276
}