{
  "tests": 1900,
  "directional_accuracy": 41.78947368421053,
  "mae_percent": 1.8751421152655259,
  "buy_precision_55": 29.554655870445345,
  "sell_precision_45": 44.07652685798381,
  "buy_signals_55": 247,
  "sell_signals_45": 1359,
  "mean_predicted_return_percent": -0.4246227814075168,
  "mean_real_return_percent": 0.15496821981527997
}