{
  "tests": 1800,
  "directional_accuracy": 44.166666666666664,
  "mae_percent": 2.083080271474934,
  "buy_precision_55": 39.81588032220944,
  "sell_precision_45": 49.411764705882355,
  "buy_signals_55": 869,
  "sell_signals_45": 680,
  "mean_predicted_return_percent": -0.09749678399053195,
  "mean_real_return_percent": -0.06543771204856827
}