{
  "tests": 1798,
  "directional_accuracy": 44.27141268075639,
  "mae_percent": 2.2360862299226802,
  "buy_precision_55": 32.66832917705736,
  "sell_precision_45": 47.61306532663316,
  "buy_signals_55": 802,
  "sell_signals_45": 796,
  "mean_predicted_return_percent": -0.00833749826687235,
  "mean_real_return_percent": -0.4755527627786694
}