{
  "tests": 1898,
  "directional_accuracy": 44.0463645943098,
  "mae_percent": 1.6628497767004562,
  "buy_precision_55": 44.25196850393701,
  "sell_precision_45": 47.48908296943232,
  "buy_signals_55": 635,
  "sell_signals_45": 916,
  "mean_predicted_return_percent": -0.15939133161021124,
  "mean_real_return_percent": -0.02468411407762312
}