{
  "tests": 1798,
  "directional_accuracy": 57.95328142380423,
  "mae_percent": 1.8358350987593268,
  "buy_precision_55": 51.5625,
  "sell_precision_45": 57.07997065297139,
  "buy_signals_55": 64,
  "sell_signals_45": 1363,
  "mean_predicted_return_percent": -0.5436086798526565,
  "mean_real_return_percent": -0.24870583097689852
}