{
  "tests": 1796,
  "directional_accuracy": 61.08017817371938,
  "mae_percent": 1.6758093717252862,
  "buy_precision_55": 61.44578313253012,
  "sell_precision_45": 63.258110014104375,
  "buy_signals_55": 166,
  "sell_signals_45": 1418,
  "mean_predicted_return_percent": -0.566726497976854,
  "mean_real_return_percent": -0.39488420229438254
}