{
  "tests": 1798,
  "directional_accuracy": 47.4972191323693,
  "mae_percent": 2.001727044969489,
  "buy_precision_55": 37.333333333333336,
  "sell_precision_45": 56.367924528301884,
  "buy_signals_55": 675,
  "sell_signals_45": 424,
  "mean_predicted_return_percent": 0.1553590561639532,
  "mean_real_return_percent": -0.38732259807245145
}