{
  "tests": 1898,
  "directional_accuracy": 53.42465753424658,
  "mae_percent": 2.053321363441803,
  "buy_precision_55": 35.03649635036496,
  "sell_precision_45": 58.87404580152672,
  "buy_signals_55": 274,
  "sell_signals_45": 1048,
  "mean_predicted_return_percent": -0.31519205638486053,
  "mean_real_return_percent": -0.29900680016984393
}