{
  "tests": 1897,
  "directional_accuracy": 41.64470216130733,
  "mae_percent": 1.9251852299562529,
  "buy_precision_55": 28.602150537634408,
  "sell_precision_45": 44.42013129102845,
  "buy_signals_55": 465,
  "sell_signals_45": 914,
  "mean_predicted_return_percent": -0.42069635831124225,
  "mean_real_return_percent": -0.14844812000138372
}