{
  "tests": 1795,
  "directional_accuracy": 51.64345403899722,
  "mae_percent": 1.824851462851012,
  "buy_precision_55": 22.429906542056074,
  "sell_precision_45": 54.72597299444003,
  "buy_signals_55": 107,
  "sell_signals_45": 1259,
  "mean_predicted_return_percent": -0.49206912183391116,
  "mean_real_return_percent": -0.3671048044368506
}