{
  "tests": 1798,
  "directional_accuracy": 39.87764182424917,
  "mae_percent": 2.0613443050966884,
  "buy_precision_55": 35.940409683426445,
  "sell_precision_45": 39.37823834196891,
  "buy_signals_55": 1074,
  "sell_signals_45": 193,
  "mean_predicted_return_percent": 0.2781121427087252,
  "mean_real_return_percent": -0.2289145634221744
}