{
  "tests": 1900,
  "directional_accuracy": 56.263157894736835,
  "mae_percent": 1.6671225774895264,
  "buy_precision_55": 53.32068311195446,
  "sell_precision_45": 55.60000000000001,
  "buy_signals_55": 527,
  "sell_signals_45": 1000,
  "mean_predicted_return_percent": -0.19875276243202172,
  "mean_real_return_percent": 0.08487849074792145
}