{
  "tests": 1795,
  "directional_accuracy": 44.5125348189415,
  "mae_percent": 1.8032287271842256,
  "buy_precision_55": 40.430622009569376,
  "sell_precision_45": 52.02312138728323,
  "buy_signals_55": 418,
  "sell_signals_45": 865,
  "mean_predicted_return_percent": -0.23842244975699703,
  "mean_real_return_percent": -0.1612149823415671
}