{
  "tests": 1798,
  "directional_accuracy": 48.10901001112347,
  "mae_percent": 2.117289579045893,
  "buy_precision_55": 43.727598566308245,
  "sell_precision_45": 62.14833759590793,
  "buy_signals_55": 837,
  "sell_signals_45": 391,
  "mean_predicted_return_percent": 0.008076898228831545,
  "mean_real_return_percent": -0.360142437942319
}