{
  "tests": 1900,
  "directional_accuracy": 55.1578947368421,
  "mae_percent": 1.7367906620057987,
  "buy_precision_55": 57.78894472361809,
  "sell_precision_45": 55.4054054054054,
  "buy_signals_55": 398,
  "sell_signals_45": 1332,
  "mean_predicted_return_percent": -0.20525381645904836,
  "mean_real_return_percent": 0.021053421121857357
}