{
  "tests": 1798,
  "directional_accuracy": 55.784204671857616,
  "mae_percent": 1.8905489834705582,
  "buy_precision_55": 44.36619718309859,
  "sell_precision_45": 58.07656395891691,
  "buy_signals_55": 142,
  "sell_signals_45": 1071,
  "mean_predicted_return_percent": -0.4132235630657889,
  "mean_real_return_percent": -0.16952821981692487
}