{
  "tests": 1898,
  "directional_accuracy": 45.521601685985246,
  "mae_percent": 1.8942570217636867,
  "buy_precision_55": 20.27972027972028,
  "sell_precision_45": 47.37288135593221,
  "buy_signals_55": 143,
  "sell_signals_45": 1180,
  "mean_predicted_return_percent": -0.5685896513349658,
  "mean_real_return_percent": -0.05659055978981254
}