{
  "tests": 1798,
  "directional_accuracy": 53.9488320355951,
  "mae_percent": 1.8559750128760666,
  "buy_precision_55": 43.40222575516693,
  "sell_precision_45": 60.66176470588235,
  "buy_signals_55": 629,
  "sell_signals_45": 816,
  "mean_predicted_return_percent": -0.14761135977817028,
  "mean_real_return_percent": -0.3310730632388516
}