{
  "tests": 1798,
  "directional_accuracy": 45.99555061179088,
  "mae_percent": 2.0338937193595896,
  "buy_precision_55": 34.3046357615894,
  "sell_precision_45": 62.51851851851852,
  "buy_signals_55": 755,
  "sell_signals_45": 675,
  "mean_predicted_return_percent": -0.15536132590873564,
  "mean_real_return_percent": -0.6556640528146255
}