{
  "tests": 1798,
  "directional_accuracy": 58.06451612903226,
  "mae_percent": 1.9278662224890308,
  "buy_precision_55": 43.333333333333336,
  "sell_precision_45": 63.784246575342465,
  "buy_signals_55": 450,
  "sell_signals_45": 1168,
  "mean_predicted_return_percent": -0.39649402587551075,
  "mean_real_return_percent": -0.4376411061547882
}