{
  "tests": 1798,
  "directional_accuracy": 38.98776418242492,
  "mae_percent": 2.2898662890115977,
  "buy_precision_55": 31.2807881773399,
  "sell_precision_45": 45.1505016722408,
  "buy_signals_55": 812,
  "sell_signals_45": 598,
  "mean_predicted_return_percent": 0.08437658259510297,
  "mean_real_return_percent": -0.5922778803817618
}