{
  "tests": 1798,
  "directional_accuracy": 48.10901001112347,
  "mae_percent": 2.027682534565342,
  "buy_precision_55": 39.6875,
  "sell_precision_45": 69.32624113475178,
  "buy_signals_55": 960,
  "sell_signals_45": 564,
  "mean_predicted_return_percent": 0.14537823192526084,
  "mean_real_return_percent": -0.5161901559796941
}