{
  "tests": 1898,
  "directional_accuracy": 47.83983140147524,
  "mae_percent": 2.1786026105653993,
  "buy_precision_55": 33.088235294117645,
  "sell_precision_45": 49.54044117647059,
  "buy_signals_55": 136,
  "sell_signals_45": 1088,
  "mean_predicted_return_percent": -0.3832577247599522,
  "mean_real_return_percent": -0.24981251965946022
}