{
  "tests": 1798,
  "directional_accuracy": 39.32146829810901,
  "mae_percent": 2.295184358452451,
  "buy_precision_55": 32.79742765273312,
  "sell_precision_45": 49.57555178268252,
  "buy_signals_55": 933,
  "sell_signals_45": 589,
  "mean_predicted_return_percent": 0.07207580548093868,
  "mean_real_return_percent": -0.3730596016104373
}