{
  "tests": 1796,
  "directional_accuracy": 53.953229398663694,
  "mae_percent": 1.80412004049658,
  "buy_precision_55": 26.47058823529412,
  "sell_precision_45": 59.07305577376276,
  "buy_signals_55": 136,
  "sell_signals_45": 1273,
  "mean_predicted_return_percent": -0.45293387038905236,
  "mean_real_return_percent": -0.24178771420154618
}