{
  "tests": 1900,
  "directional_accuracy": 44.26315789473684,
  "mae_percent": 1.855195406687071,
  "buy_precision_55": 43.84615384615385,
  "sell_precision_45": 46.17036506800286,
  "buy_signals_55": 260,
  "sell_signals_45": 1397,
  "mean_predicted_return_percent": -0.4667140600734602,
  "mean_real_return_percent": 0.1371422616980701
}