{
  "tests": 1898,
  "directional_accuracy": 47.47102212855637,
  "mae_percent": 2.0834211776861724,
  "buy_precision_55": 30.022075055187635,
  "sell_precision_45": 55.2297165200391,
  "buy_signals_55": 453,
  "sell_signals_45": 1023,
  "mean_predicted_return_percent": -0.2808787855480424,
  "mean_real_return_percent": -0.16166098695207265
}