{
  "tests": 1798,
  "directional_accuracy": 51.55728587319244,
  "mae_percent": 1.9003972816916705,
  "buy_precision_55": 33.6283185840708,
  "sell_precision_45": 53.153153153153156,
  "buy_signals_55": 113,
  "sell_signals_45": 1332,
  "mean_predicted_return_percent": -0.4759293794704395,
  "mean_real_return_percent": -0.07328651261820963
}