{
  "tests": 1900,
  "directional_accuracy": 49.1578947368421,
  "mae_percent": 1.7766363124073867,
  "buy_precision_55": 53.5,
  "sell_precision_45": 48.493975903614455,
  "buy_signals_55": 600,
  "sell_signals_45": 996,
  "mean_predicted_return_percent": -0.1381918930628946,
  "mean_real_return_percent": 0.23394353957057554
}