{
  "tests": 1894,
  "directional_accuracy": 44.720168954593454,
  "mae_percent": 1.7931711405479538,
  "buy_precision_55": 41.1214953271028,
  "sell_precision_45": 51.70842824601367,
  "buy_signals_55": 428,
  "sell_signals_45": 878,
  "mean_predicted_return_percent": -0.22913798702644766,
  "mean_real_return_percent": -0.10729209857498805
}