{
  "tests": 1798,
  "directional_accuracy": 43.770856507230256,
  "mae_percent": 2.0898363399306823,
  "buy_precision_55": 37.95180722891566,
  "sell_precision_45": 46.53465346534654,
  "buy_signals_55": 664,
  "sell_signals_45": 808,
  "mean_predicted_return_percent": -0.2728671414992546,
  "mean_real_return_percent": 0.0332907373755295
}