{
  "tests": 1900,
  "directional_accuracy": 47.473684210526315,
  "mae_percent": 1.5893172743564625,
  "buy_precision_55": 22.962962962962962,
  "sell_precision_45": 48.835516739446874,
  "buy_signals_55": 135,
  "sell_signals_45": 1374,
  "mean_predicted_return_percent": -0.46193684664579804,
  "mean_real_return_percent": -0.14620629589949863
}