{
  "tests": 1798,
  "directional_accuracy": 45.21690767519466,
  "mae_percent": 2.220704109244202,
  "buy_precision_55": 35.8860195903829,
  "sell_precision_45": 70.6896551724138,
  "buy_signals_55": 1123,
  "sell_signals_45": 406,
  "mean_predicted_return_percent": 0.32899270062964037,
  "mean_real_return_percent": -0.5249901187757773
}