{
  "tests": 1798,
  "directional_accuracy": 59.899888765294776,
  "mae_percent": 1.8493328208498794,
  "buy_precision_55": 43.84615384615385,
  "sell_precision_45": 63.046875,
  "buy_signals_55": 130,
  "sell_signals_45": 1280,
  "mean_predicted_return_percent": -0.4313294466423345,
  "mean_real_return_percent": -0.44732207678324676
}