{
  "tests": 320,
  "directional_accuracy": 44.375,
  "mae_percent": 1.9116517643825355,
  "buy_precision_55": 24.822695035460992,
  "sell_precision_45": 62.903225806451616,
  "buy_signals_55": 141,
  "sell_signals_45": 124,
  "mean_predicted_return_percent": -0.14409360722904238,
  "mean_real_return_percent": -0.8250745694146626
}