{
  "tests": 1900,
  "directional_accuracy": 52.473684210526315,
  "mae_percent": 1.697695096668191,
  "buy_precision_55": 47.482014388489205,
  "sell_precision_45": 52.72861356932154,
  "buy_signals_55": 278,
  "sell_signals_45": 1356,
  "mean_predicted_return_percent": -0.40821738414344594,
  "mean_real_return_percent": -0.05145657145678084
}