{
  "tests": 1800,
  "directional_accuracy": 44.166666666666664,
  "mae_percent": 2.0838589772266682,
  "buy_precision_55": 39.81373690337602,
  "sell_precision_45": 49.41348973607038,
  "buy_signals_55": 859,
  "sell_signals_45": 682,
  "mean_predicted_return_percent": -0.09727372891367057,
  "mean_real_return_percent": -0.06543771204856827
}