{
  "tests": 1798,
  "directional_accuracy": 51.7797552836485,
  "mae_percent": 1.8667858861130688,
  "buy_precision_55": 51.62064825930373,
  "sell_precision_45": 58.91891891891892,
  "buy_signals_55": 833,
  "sell_signals_45": 370,
  "mean_predicted_return_percent": 0.26068451263674425,
  "mean_real_return_percent": -0.23235669610799012
}